{"epoch": 0, "vali_loss": 0.9978710412979126, "loss": 0, "key": 102, "_timestamp": 1678496469.5923417, "_runtime": 135.59213972091675, "_step": 0, "_wandb": {"runtime": 138}}