{"epoch": 0, "vali_loss": 0.9974431395530701, "loss": 0, "key": 102, "_timestamp": 1678552621.398804, "_runtime": 2.1940128803253174, "_step": 0, "_wandb": {"runtime": 1}}