{"epoch": 0, "vali_loss": 0.9959664940834045, "loss": 0, "key": 102, "_timestamp": 1678696512.1955593, "_runtime": 3.5146281719207764, "_step": 0, "_wandb": {"runtime": 3}}