{"epoch": 25, "vali_set_total_correct": 25, "vali_loss": NaN, "loss": NaN, "key": 162, "_timestamp": 1665238229.9004176, "_runtime": 127.2695004940033, "_step": 25, "_wandb": {"runtime": 126}}