{"epoch": 96, "vali_loss": 0.967272162437439, "loss": 0.49190789461135864, "key": 224, "_timestamp": 1678494318.541157, "_runtime": 15.997780084609985, "_step": 96}