{"epoch": 0, "vali_loss": 0.9995072484016418, "loss": 0, "key": 102, "_timestamp": 1678721459.76034, "_runtime": 5.250478029251099, "_step": 0, "_wandb": {"runtime": 5}}