{"epoch": 0, "vali_loss": 0.9954765439033508, "loss": 0, "key": 102, "_timestamp": 1678709391.868232, "_runtime": 3.4872310161590576, "_step": 0, "_wandb": {"runtime": 3}}