{"epoch": 0, "vali_loss": 0.9992631077766418, "loss": 0, "key": 102, "_timestamp": 1678496492.2882452, "_runtime": 3.575979232788086, "_step": 0, "_wandb": {"runtime": 110}}