{"epoch": 0, "vali_loss": 0.9980467557907104, "loss": 0, "key": 102, "_timestamp": 1678496221.222477, "_runtime": 5.3818628787994385, "_step": 0, "_wandb": {"runtime": 4}}