{"epoch": 0, "vali_loss": 0.999875009059906, "loss": 0, "key": 102, "_timestamp": 1678779938.729847, "_runtime": 4.430459976196289, "_step": 0, "_wandb": {"runtime": 3}}