{"epoch": 0, "vali_loss": 0.9957517385482788, "loss": 0, "key": 102, "_timestamp": 1678552602.4348989, "_runtime": 3.7066829204559326, "_step": 0, "_wandb": {"runtime": 3}}