{"epoch": 0, "vali_loss": 0.9996733665466309, "loss": 0, "key": 102, "_timestamp": 1678498211.441097, "_runtime": 88.57465696334839, "_step": 0, "_wandb": {"runtime": 105}}