{"epoch": 0, "vali_loss": 0.9978323578834534, "loss": 0, "key": 102, "_timestamp": 1678862420.781932, "_runtime": 3.9532480239868164, "_step": 0, "_wandb": {"runtime": 11}}