{"epoch": 0, "vali_loss": 0.9964852929115295, "loss": 0, "key": 102, "_timestamp": 1678721473.8355732, "_runtime": 2.4993093013763428, "_step": 0, "_wandb": {"runtime": 1}}