{"epoch": 0, "vali_loss": 0.9951848983764648, "loss": 0, "key": 102, "_timestamp": 1678496617.204448, "_runtime": 3.5594489574432373, "_step": 0, "_wandb": {"runtime": 29}}