{"epoch": 2, "vali_loss": 0.9994850754737854, "loss": 31.64811545610428, "key": 102, "_timestamp": 1679053631.390761, "_runtime": 14.366748809814453, "_step": 2}