{"epoch": 54, "vali_loss": 0.9885062575340271, "loss": 1.1378713250160217, "key": 224, "_timestamp": 1678494376.4582691, "_runtime": 9.634822130203247, "_step": 54}