{"epoch": 0, "vali_loss": 0.9936465620994568, "loss": 0, "key": 102, "_timestamp": 1678738807.1754813, "_runtime": 5.744145393371582, "_step": 0, "_wandb": {"runtime": 5}}