{"epoch": 0, "vali_loss": 0.9973011612892151, "loss": 0, "key": 102, "_timestamp": 1678496655.3123126, "_runtime": 3.1711297035217285, "_step": 0, "_wandb": {"runtime": 248}}