{"epoch": 0, "vali_loss": 0.9986462593078613, "loss": 0, "key": 102, "_timestamp": 1678868619.3562617, "_runtime": 52.29463982582092, "_step": 0}